Number of rows;time
0;2022-10-07T15:11:18.147130
100000;2022-10-07T15:11:22.203646
200000;2022-10-07T15:11:25.140288
300000;2022-10-07T15:11:28.363794
400000;2022-10-07T15:11:31.333860
500000;2022-10-07T15:11:34.353784
600000;2022-10-07T15:11:37.363638
700000;2022-10-07T15:11:42.303480
800000;2022-10-07T15:11:46.125535
900000;2022-10-07T15:11:49.408980
1000000;2022-10-07T15:11:52.498893
1100000;2022-10-07T15:11:55.703939
1200000;2022-10-07T15:11:58.873896
1300000;2022-10-07T15:12:02.135326
1400000;2022-10-07T15:12:05.307769
1500000;2022-10-07T15:12:08.409475
1600000;2022-10-07T15:12:11.478849
1700000;2022-10-07T15:12:14.598853
1800000;2022-10-07T15:12:17.803710
1900000;2022-10-07T15:12:20.873960
2000000;2022-10-07T15:12:24.033779
2100000;2022-10-07T15:12:26.983527
2200000;2022-10-07T15:12:29.988745
2300000;2022-10-07T15:12:33.023687
2400000;2022-10-07T15:12:36.078416
2500000;2022-10-07T15:12:39.083370
2600000;2022-10-07T15:12:42.173536
2700000;2022-10-07T15:12:45.213872
2800000;2022-10-07T15:12:48.413642
2900000;2022-10-07T15:12:51.393654
3000000;2022-10-07T15:12:54.523722
3100000;2022-10-07T15:12:57.543596
3200000;2022-10-07T15:13:00.657242
3300000;2022-10-07T15:13:03.887987
3400000;2022-10-07T15:13:06.963735
3500000;2022-10-07T15:13:10.013625
3600000;2022-10-07T15:13:13.053454
3700000;2022-10-07T15:13:16.103591
3800000;2022-10-07T15:13:19.204428
3900000;2022-10-07T15:13:22.266787
4000000;2022-10-07T15:13:25.373551
4100000;2022-10-07T15:13:28.483563
4200000;2022-10-07T15:13:31.573191
4300000;2022-10-07T15:13:34.893597
4400000;2022-10-07T15:13:37.968591
4500000;2022-10-07T15:13:41.023539
4600000;2022-10-07T15:13:44.323518
4700000;2022-10-07T15:13:47.393581
4800000;2022-10-07T15:13:50.503305
4900000;2022-10-07T15:13:53.603307
5000000;2022-10-07T15:13:56.702955
5100000;2022-10-07T15:13:59.745668
5200000;2022-10-07T15:14:02.843458
5300000;2022-10-07T15:14:05.883138
5400000;2022-10-07T15:14:09.016097
5500000;2022-10-07T15:14:12.503365
5600000;2022-10-07T15:14:16.326101
5700000;2022-10-07T15:14:20.113432
5800000;2022-10-07T15:14:23.744808
5900000;2022-10-07T15:14:28.211037
6000000;2022-10-07T15:14:31.745169
6100000;2022-10-07T15:14:35.235707
6200000;2022-10-07T15:14:38.553415
6300000;2022-10-07T15:14:41.821843
6400000;2022-10-07T15:14:45.063892
6500000;2022-10-07T15:14:48.213727
6600000;2022-10-07T15:14:51.695672
6675633;2022-10-07T15:14:54.102302
